num_samples,sequence_length,seed,num_trees,nodes,paths,algo_order,paths_time,bottom_up_time,minimal_time,paths_inv_time,bottom_up_inv_time,minimal_inv_time,minimal_paths
150.0,5000.0,5780,12,632,1410,120,4051.4221804142,0.3150603771209717,0.0789644718170166,4051.808091402054,0.6178340911865234,0.09850502014160156,311
