num_samples,sequence_length,seed,num_trees,nodes,paths,algo_order,paths_time,bottom_up_time,minimal_time,paths_inv_time,bottom_up_inv_time,minimal_inv_time,minimal_paths
450.0,5000.0,9173,15,1841,2836,120,52013.738661289215,4.335301637649536,0.274522066116333,52015.238213300705,6.0240654945373535,0.4308598041534424,914
