num_samples,sequence_length,seed,num_trees,nodes,paths,algo_order,paths_time,bottom_up_time,minimal_time,paths_inv_time,bottom_up_inv_time,minimal_inv_time,minimal_paths
10.0,5000.0,5247,13,75,413,120,65.29073190689087,0.01573348045349121,0.00867605209350586,65.32382917404175,0.08301591873168945,0.009125232696533203,32
