num_samples,sequence_length,seed,num_trees,nodes,paths,algo_order,paths_time,bottom_up_time,minimal_time,paths_inv_time,bottom_up_inv_time,minimal_inv_time,minimal_paths
300.0,5000.0,2516,19,1253,1643,102,9394.647785663605,1.3576927185058594,0.16368818283081055,9395.055322647095,1.7418694496154785,0.2313244342803955,618
