num_samples,sequence_length,seed,num_trees,nodes,paths,algo_order,paths_time,bottom_up_time,minimal_time,paths_inv_time,bottom_up_inv_time,minimal_inv_time,minimal_paths
200.0,5000.0,8319,9,823,675,210,646.4496779441833,0.47605299949645996,0.09955883026123047,646.5537295341492,0.5541207790374756,0.1533198356628418,408
