num_samples,sequence_length,seed,num_trees,nodes,paths,algo_order,paths_time,bottom_up_time,minimal_time,paths_inv_time,bottom_up_inv_time,minimal_inv_time,minimal_paths
400.0,5000.0,8205,13,1635,1015,012,3443.301356077194,2.9179210662841797,0.2197575569152832,3443.5112912654877,3.101069688796997,0.34493446350097656,812
