num_samples,sequence_length,seed,num_trees,nodes,paths,algo_order,paths_time,bottom_up_time,minimal_time,paths_inv_time,bottom_up_inv_time,minimal_inv_time,minimal_paths
450.0,3000.0,4089,8,1820,1979,021,21342.139832258224,4.295445919036865,0.27286672592163086,21342.708980083466,4.8952178955078125,0.4336435794830322,907
