num_samples,sequence_length,seed,num_trees,nodes,paths,algo_order,paths_time,bottom_up_time,minimal_time,paths_inv_time,bottom_up_inv_time,minimal_inv_time,minimal_paths
40.0,5000.0,9931,9,183,603,210,249.31400537490845,0.03946948051452637,0.01970386505126953,249.39475679397583,0.0992116928100586,0.04019594192504883,88
