num_samples,sequence_length,seed,num_trees,nodes,paths,algo_order,paths_time,bottom_up_time,minimal_time,paths_inv_time,bottom_up_inv_time,minimal_inv_time,minimal_paths
250.0,5000.0,3273,16,1047,2648,120,24583.88717341423,1.3951194286346436,0.14371824264526367,24584.928342342377,2.677422285079956,0.19970273971557617,516
