num_samples,sequence_length,seed,num_trees,nodes,paths,algo_order,paths_time,bottom_up_time,minimal_time,paths_inv_time,bottom_up_inv_time,minimal_inv_time,minimal_paths
40.0,5000.0,2433,22,222,287,021,59.04760789871216,0.03426480293273926,0.026404142379760742,59.11096000671387,0.04564309120178223,0.0293734073638916,101
