num_samples,sequence_length,seed,num_trees,nodes,paths,algo_order,paths_time,bottom_up_time,minimal_time,paths_inv_time,bottom_up_inv_time,minimal_inv_time,minimal_paths
150.0,5000.0,9335,19,653,1181,210,1887.2397005558014,0.33292531967163086,0.07932257652282715,1887.4456932544708,0.5190119743347168,0.12802529335021973,318
