num_samples,sequence_length,seed,num_trees,nodes,paths,algo_order,paths_time,bottom_up_time,minimal_time,paths_inv_time,bottom_up_inv_time,minimal_inv_time,minimal_paths
250.0,5000.0,4553,15,1041,3233,120,36188.954885959625,1.3996920585632324,0.16745853424072266,36190.622366666794,3.073911190032959,0.23372459411621094,514
