num_samples,sequence_length,seed,num_trees,nodes,paths,algo_order,paths_time,bottom_up_time,minimal_time,paths_inv_time,bottom_up_inv_time,minimal_inv_time,minimal_paths
100.0,5000.0,2373,11,432,1470,012,4036.1709127426147,0.17804312705993652,0.05113482475280762,4036.786241531372,0.46170902252197266,0.06224465370178223,211
