num_samples,sequence_length,seed,num_trees,nodes,paths,algo_order,paths_time,bottom_up_time,minimal_time,paths_inv_time,bottom_up_inv_time,minimal_inv_time,minimal_paths
70.0,5000.0,5275,14,318,325,201,66.10444593429565,0.06646084785461426,0.034532785415649414,66.12763357162476,0.08361625671386719,0.05651378631591797,153
