num_samples,sequence_length,seed,num_trees,nodes,paths,algo_order,paths_time,bottom_up_time,minimal_time,paths_inv_time,bottom_up_inv_time,minimal_inv_time,minimal_paths
400.0,5000.0,9585,6,1614,1469,201,7688.837887763977,2.563930034637451,0.20710206031799316,7689.16913485527,2.8871119022369385,0.35810375213623047,805
