num_samples,sequence_length,seed,num_trees,nodes,paths,algo_order,paths_time,bottom_up_time,minimal_time,paths_inv_time,bottom_up_inv_time,minimal_inv_time,minimal_paths
200.0,5000.0,2693,16,844,1613,120,6156.775683403015,0.5851876735687256,0.11042428016662598,6157.10614490509,0.9731388092041016,0.15243959426879883,415
