num_samples,sequence_length,seed,num_trees,nodes,paths,algo_order,paths_time,bottom_up_time,minimal_time,paths_inv_time,bottom_up_inv_time,minimal_inv_time,minimal_paths
70.0,5000.0,8100,11,309,547,210,253.3589427471161,0.05095481872558594,0.03575396537780762,253.4095118045807,0.09886598587036133,0.05790114402770996,150
