num_samples,sequence_length,seed,num_trees,nodes,paths,algo_order,paths_time,bottom_up_time,minimal_time,paths_inv_time,bottom_up_inv_time,minimal_inv_time,minimal_paths
40.0,5000.0,5632,15,201,188,021,18.938063859939575,0.02772831916809082,0.03049015998840332,18.981597423553467,0.0346527099609375,0.03358030319213867,94
