num_samples,sequence_length,seed,num_trees,nodes,paths,algo_order,paths_time,bottom_up_time,minimal_time,paths_inv_time,bottom_up_inv_time,minimal_inv_time,minimal_paths
10.0,5000.0,524,6,54,94,102,1.6728911399841309,0.0061991214752197266,0.006620645523071289,1.6749026775360107,0.02223682403564453,0.007031440734863281,25
